{
  "project_info": {
    "project_number": "563313318364",
    "firebase_url": "https://musicbuzz-13981.firebaseio.com",
    "project_id": "musicbuzz-13981",
    "storage_bucket": "musicbuzz-13981.appspot.com"
  },
  "client": [
    {
      "client_info": {
        "mobilesdk_app_id": "1:563313318364:android:5ea835ebba451185",
        "android_client_info": {
          "package_name": "com.example.musicbuzz"
        }
      },
      "oauth_client": [
        {
          "client_id": "563313318364-gcvihrlmfian2l8dm7lhelrl88vgp8um.apps.googleusercontent.com",
          "client_type": 1,
          "android_info": {
            "package_name": "com.example.musicbuzz",
            "certificate_hash": "9ef1199ebb19a8809ddb82c94f7ddfd74b584381"
          }
        },
        {
          "client_id": "563313318364-iub5r4gjtoe52itl16bd8p9lgniko95s.apps.googleusercontent.com",
          "client_type": 3
        }
      ],
      "api_key": [
        {
          "current_key": "AIzaSyAEmVMQ2oR-abs0yQvLSfELWWfrNXqpIY8"
        }
      ],
      "services": {
        "appinvite_service": {
          "other_platform_oauth_client": [
            {
              "client_id": "563313318364-iub5r4gjtoe52itl16bd8p9lgniko95s.apps.googleusercontent.com",
              "client_type": 3
            }
          ]
        }
      }
    }
  ],
  "configuration_version": "1"
}